Region,FIPS,County,EA,"EA Name"
"IA - DesMoines",19001,"Adair County, IA",046,"Des Moines-Newton-Pella, IA"
"IA - DesMoines",19003,"Adams County, IA",046,"Des Moines-Newton-Pella, IA"
"IA - DesMoines",19007,"Appanoose County, IA",046,"Des Moines-Newton-Pella, IA"
"IA - DesMoines",19015,"Boone County, IA",046,"Des Moines-Newton-Pella, IA"
"IA - DesMoines",19021,"Buena Vista County, IA",046,"Des Moines-Newton-Pella, IA"
"IA - DesMoines",19025,"Calhoun County, IA",046,"Des Moines-Newton-Pella, IA"
"IA - DesMoines",19027,"Carroll County, IA",046,"Des Moines-Newton-Pella, IA"
"IA - DesMoines",19035,"Cherokee County, IA",046,"Des Moines-Newton-Pella, IA"
"IA - DesMoines",19039,"Clarke County, IA",046,"Des Moines-Newton-Pella, IA"
"IA - DesMoines",19041,"Clay County, IA",046,"Des Moines-Newton-Pella, IA"
"IA - DesMoines",19047,"Crawford County, IA",046,"Des Moines-Newton-Pella, IA"
"IA - DesMoines",19049,"Dallas County, IA",046,"Des Moines-Newton-Pella, IA"
"IA - DesMoines",19051,"Davis County, IA",046,"Des Moines-Newton-Pella, IA"
"IA - DesMoines",19053,"Decatur County, IA",046,"Des Moines-Newton-Pella, IA"
"IA - DesMoines",19059,"Dickinson County, IA",046,"Des Moines-Newton-Pella, IA"
"IA - DesMoines",19063,"Emmet County, IA",046,"Des Moines-Newton-Pella, IA"
"IA - DesMoines",19069,"Franklin County, IA",046,"Des Moines-Newton-Pella, IA"
"IA - DesMoines",19073,"Greene County, IA",046,"Des Moines-Newton-Pella, IA"
"IA - DesMoines",19077,"Guthrie County, IA",046,"Des Moines-Newton-Pella, IA"
"IA - DesMoines",19079,"Hamilton County, IA",046,"Des Moines-Newton-Pella, IA"
"IA - DesMoines",19083,"Hardin County, IA",046,"Des Moines-Newton-Pella, IA"
"IA - DesMoines",19091,"Humboldt County, IA",046,"Des Moines-Newton-Pella, IA"
"IA - DesMoines",19093,"Ida County, IA",046,"Des Moines-Newton-Pella, IA"
"IA - DesMoines",19099,"Jasper County, IA",046,"Des Moines-Newton-Pella, IA"
"IA - DesMoines",19117,"Lucas County, IA",046,"Des Moines-Newton-Pella, IA"
"IA - DesMoines",19121,"Madison County, IA",046,"Des Moines-Newton-Pella, IA"
"IA - DesMoines",19123,"Mahaska County, IA",046,"Des Moines-Newton-Pella, IA"
"IA - DesMoines",19125,"Marion County, IA",046,"Des Moines-Newton-Pella, IA"
"IA - DesMoines",19127,"Marshall County, IA",046,"Des Moines-Newton-Pella, IA"
"IA - DesMoines",19135,"Monroe County, IA",046,"Des Moines-Newton-Pella, IA"
"IA - DesMoines",19147,"Palo Alto County, IA",046,"Des Moines-Newton-Pella, IA"
"IA - DesMoines",19151,"Pocahontas County, IA",046,"Des Moines-Newton-Pella, IA"
"IA - DesMoines",19153,"Polk County, IA",046,"Des Moines-Newton-Pella, IA"
"IA - DesMoines",19157,"Poweshiek County, IA",046,"Des Moines-Newton-Pella, IA"
"IA - DesMoines",19159,"Ringgold County, IA",046,"Des Moines-Newton-Pella, IA"
"IA - DesMoines",19161,"Sac County, IA",046,"Des Moines-Newton-Pella, IA"
"IA - DesMoines",19169,"Story County, IA",046,"Des Moines-Newton-Pella, IA"
"IA - DesMoines",19171,"Tama County, IA",046,"Des Moines-Newton-Pella, IA"
"IA - DesMoines",19175,"Union County, IA",046,"Des Moines-Newton-Pella, IA"
"IA - DesMoines",19179,"Wapello County, IA",046,"Des Moines-Newton-Pella, IA"
"IA - DesMoines",19181,"Warren County, IA",046,"Des Moines-Newton-Pella, IA"
"IA - DesMoines",19185,"Wayne County, IA",046,"Des Moines-Newton-Pella, IA"
"IA - DesMoines",19187,"Webster County, IA",046,"Des Moines-Newton-Pella, IA"
"IA - DesMoines",19197,"Wright County, IA",046,"Des Moines-Newton-Pella, IA"
"IL - Chicago",17007,"Boone County, IL",032,"Chicago-Naperville-Michigan City, IL-IN-WI"
"IL - Chicago",17011,"Bureau County, IL",032,"Chicago-Naperville-Michigan City, IL-IN-WI"
"IL - Chicago",17015,"Carroll County, IL",032,"Chicago-Naperville-Michigan City, IL-IN-WI"
"IL - Chicago",17031,"Cook County, IL",032,"Chicago-Naperville-Michigan City, IL-IN-WI"
"IL - Chicago",17037,"DeKalb County, IL",032,"Chicago-Naperville-Michigan City, IL-IN-WI"
"IL - Chicago",17043,"DuPage County, IL",032,"Chicago-Naperville-Michigan City, IL-IN-WI"
"IL - Chicago",17063,"Grundy County, IL",032,"Chicago-Naperville-Michigan City, IL-IN-WI"
"IL - Chicago",17075,"Iroquois County, IL",032,"Chicago-Naperville-Michigan City, IL-IN-WI"
"IL - Chicago",17089,"Kane County, IL",032,"Chicago-Naperville-Michigan City, IL-IN-WI"
"IL - Chicago",17091,"Kankakee County, IL",032,"Chicago-Naperville-Michigan City, IL-IN-WI"
"IL - Chicago",17093,"Kendall County, IL",032,"Chicago-Naperville-Michigan City, IL-IN-WI"
"IL - Chicago",17097,"Lake County, IL",032,"Chicago-Naperville-Michigan City, IL-IN-WI"
"IL - Chicago",17099,"La Salle County, IL",032,"Chicago-Naperville-Michigan City, IL-IN-WI"
"IL - Chicago",17103,"Lee County, IL",032,"Chicago-Naperville-Michigan City, IL-IN-WI"
"IL - Chicago",17105,"Livingston County, IL",032,"Chicago-Naperville-Michigan City, IL-IN-WI"
"IL - Chicago",17111,"McHenry County, IL",032,"Chicago-Naperville-Michigan City, IL-IN-WI"
"IL - Chicago",17141,"Ogle County, IL",032,"Chicago-Naperville-Michigan City, IL-IN-WI"
"IL - Chicago",17155,"Putnam County, IL",032,"Chicago-Naperville-Michigan City, IL-IN-WI"
"IL - Chicago",17177,"Stephenson County, IL",032,"Chicago-Naperville-Michigan City, IL-IN-WI"
"IL - Chicago",17197,"Will County, IL",032,"Chicago-Naperville-Michigan City, IL-IN-WI"
"IL - Chicago",17201,"Winnebago County, IL",032,"Chicago-Naperville-Michigan City, IL-IN-WI"
"IL - Chicago",18073,"Jasper County, IN",032,"Chicago-Naperville-Michigan City, IL-IN-WI"
"IL - Chicago",18089,"Lake County, IN",032,"Chicago-Naperville-Michigan City, IL-IN-WI"
"IL - Chicago",18091,"La Porte County, IN",032,"Chicago-Naperville-Michigan City, IL-IN-WI"
"IL - Chicago",18111,"Newton County, IN",032,"Chicago-Naperville-Michigan City, IL-IN-WI"
"IL - Chicago",18127,"Porter County, IN",032,"Chicago-Naperville-Michigan City, IL-IN-WI"
"IL - Chicago",55059,"Kenosha County, WI",032,"Chicago-Naperville-Michigan City, IL-IN-WI"
"IN - Indianapolis",17023,"Clark County, IL",078,"Indianapolis-Anderson-Columbus, IN"
"IN - Indianapolis",17033,"Crawford County, IL",078,"Indianapolis-Anderson-Columbus, IN"
"IN - Indianapolis",17045,"Edgar County, IL",078,"Indianapolis-Anderson-Columbus, IN"
"IN - Indianapolis",17101,"Lawrence County, IL",078,"Indianapolis-Anderson-Columbus, IN"
"IN - Indianapolis",18005,"Bartholomew County, IN",078,"Indianapolis-Anderson-Columbus, IN"
"IN - Indianapolis",18007,"Benton County, IN",078,"Indianapolis-Anderson-Columbus, IN"
"IN - Indianapolis",18011,"Boone County, IN",078,"Indianapolis-Anderson-Columbus, IN"
"IN - Indianapolis",18013,"Brown County, IN",078,"Indianapolis-Anderson-Columbus, IN"
"IN - Indianapolis",18015,"Carroll County, IN",078,"Indianapolis-Anderson-Columbus, IN"
"IN - Indianapolis",18017,"Cass County, IN",078,"Indianapolis-Anderson-Columbus, IN"
"IN - Indianapolis",18021,"Clay County, IN",078,"Indianapolis-Anderson-Columbus, IN"
"IN - Indianapolis",18023,"Clinton County, IN",078,"Indianapolis-Anderson-Columbus, IN"
"IN - Indianapolis",18031,"Decatur County, IN",078,"Indianapolis-Anderson-Columbus, IN"
"IN - Indianapolis",18035,"Delaware County, IN",078,"Indianapolis-Anderson-Columbus, IN"
"IN - Indianapolis",18041,"Fayette County, IN",078,"Indianapolis-Anderson-Columbus, IN"
"IN - Indianapolis",18045,"Fountain County, IN",078,"Indianapolis-Anderson-Columbus, IN"
"IN - Indianapolis",18055,"Greene County, IN",078,"Indianapolis-Anderson-Columbus, IN"
"IN - Indianapolis",18057,"Hamilton County, IN",078,"Indianapolis-Anderson-Columbus, IN"
"IN - Indianapolis",18059,"Hancock County, IN",078,"Indianapolis-Anderson-Columbus, IN"
"IN - Indianapolis",18063,"Hendricks County, IN",078,"Indianapolis-Anderson-Columbus, IN"
"IN - Indianapolis",18065,"Henry County, IN",078,"Indianapolis-Anderson-Columbus, IN"
"IN - Indianapolis",18067,"Howard County, IN",078,"Indianapolis-Anderson-Columbus, IN"
"IN - Indianapolis",18071,"Jackson County, IN",078,"Indianapolis-Anderson-Columbus, IN"
"IN - Indianapolis",18079,"Jennings County, IN",078,"Indianapolis-Anderson-Columbus, IN"
"IN - Indianapolis",18081,"Johnson County, IN",078,"Indianapolis-Anderson-Columbus, IN"
"IN - Indianapolis",18083,"Knox County, IN",078,"Indianapolis-Anderson-Columbus, IN"
"IN - Indianapolis",18093,"Lawrence County, IN",078,"Indianapolis-Anderson-Columbus, IN"
"IN - Indianapolis",18095,"Madison County, IN",078,"Indianapolis-Anderson-Columbus, IN"
"IN - Indianapolis",18097,"Marion County, IN",078,"Indianapolis-Anderson-Columbus, IN"
"IN - Indianapolis",18103,"Miami County, IN",078,"Indianapolis-Anderson-Columbus, IN"
"IN - Indianapolis",18105,"Monroe County, IN",078,"Indianapolis-Anderson-Columbus, IN"
"IN - Indianapolis",18107,"Montgomery County, IN",078,"Indianapolis-Anderson-Columbus, IN"
"IN - Indianapolis",18109,"Morgan County, IN",078,"Indianapolis-Anderson-Columbus, IN"
"IN - Indianapolis",18117,"Orange County, IN",078,"Indianapolis-Anderson-Columbus, IN"
"IN - Indianapolis",18119,"Owen County, IN",078,"Indianapolis-Anderson-Columbus, IN"
"IN - Indianapolis",18121,"Parke County, IN",078,"Indianapolis-Anderson-Columbus, IN"
"IN - Indianapolis",18133,"Putnam County, IN",078,"Indianapolis-Anderson-Columbus, IN"
"IN - Indianapolis",18135,"Randolph County, IN",078,"Indianapolis-Anderson-Columbus, IN"
"IN - Indianapolis",18139,"Rush County, IN",078,"Indianapolis-Anderson-Columbus, IN"
"IN - Indianapolis",18145,"Shelby County, IN",078,"Indianapolis-Anderson-Columbus, IN"
"IN - Indianapolis",18153,"Sullivan County, IN",078,"Indianapolis-Anderson-Columbus, IN"
"IN - Indianapolis",18157,"Tippecanoe County, IN",078,"Indianapolis-Anderson-Columbus, IN"
"IN - Indianapolis",18159,"Tipton County, IN",078,"Indianapolis-Anderson-Columbus, IN"
"IN - Indianapolis",18161,"Union County, IN",078,"Indianapolis-Anderson-Columbus, IN"
"IN - Indianapolis",18165,"Vermillion County, IN",078,"Indianapolis-Anderson-Columbus, IN"
"IN - Indianapolis",18167,"Vigo County, IN",078,"Indianapolis-Anderson-Columbus, IN"
"IN - Indianapolis",18171,"Warren County, IN",078,"Indianapolis-Anderson-Columbus, IN"
"IN - Indianapolis",18177,"Wayne County, IN",078,"Indianapolis-Anderson-Columbus, IN"
"IN - Indianapolis",18181,"White County, IN",078,"Indianapolis-Anderson-Columbus, IN"
"MI - Detroit",26001,"Alcona County, MI",047,"Detroit-Warren-Flint, MI"
"MI - Detroit",26011,"Arenac County, MI",047,"Detroit-Warren-Flint, MI"
"MI - Detroit",26017,"Bay County, MI",047,"Detroit-Warren-Flint, MI"
"MI - Detroit",26035,"Clare County, MI",047,"Detroit-Warren-Flint, MI"
"MI - Detroit",26037,"Clinton County, MI",047,"Detroit-Warren-Flint, MI"
"MI - Detroit",26045,"Eaton County, MI",047,"Detroit-Warren-Flint, MI"
"MI - Detroit",26049,"Genesee County, MI",047,"Detroit-Warren-Flint, MI"
"MI - Detroit",26051,"Gladwin County, MI",047,"Detroit-Warren-Flint, MI"
"MI - Detroit",26057,"Gratiot County, MI",047,"Detroit-Warren-Flint, MI"
"MI - Detroit",26059,"Hillsdale County, MI",047,"Detroit-Warren-Flint, MI"
"MI - Detroit",26063,"Huron County, MI",047,"Detroit-Warren-Flint, MI"
"MI - Detroit",26065,"Ingham County, MI",047,"Detroit-Warren-Flint, MI"
"MI - Detroit",26069,"Iosco County, MI",047,"Detroit-Warren-Flint, MI"
"MI - Detroit",26073,"Isabella County, MI",047,"Detroit-Warren-Flint, MI"
"MI - Detroit",26075,"Jackson County, MI",047,"Detroit-Warren-Flint, MI"
"MI - Detroit",26087,"Lapeer County, MI",047,"Detroit-Warren-Flint, MI"
"MI - Detroit",26091,"Lenawee County, MI",047,"Detroit-Warren-Flint, MI"
"MI - Detroit",26093,"Livingston County, MI",047,"Detroit-Warren-Flint, MI"
"MI - Detroit",26099,"Macomb County, MI",047,"Detroit-Warren-Flint, MI"
"MI - Detroit",26111,"Midland County, MI",047,"Detroit-Warren-Flint, MI"
"MI - Detroit",26115,"Monroe County, MI",047,"Detroit-Warren-Flint, MI"
"MI - Detroit",26125,"Oakland County, MI",047,"Detroit-Warren-Flint, MI"
"MI - Detroit",26129,"Ogemaw County, MI",047,"Detroit-Warren-Flint, MI"
"MI - Detroit",26145,"Saginaw County, MI",047,"Detroit-Warren-Flint, MI"
"MI - Detroit",26147,"St. Clair County, MI",047,"Detroit-Warren-Flint, MI"
"MI - Detroit",26151,"Sanilac County, MI",047,"Detroit-Warren-Flint, MI"
"MI - Detroit",26155,"Shiawassee County, MI",047,"Detroit-Warren-Flint, MI"
"MI - Detroit",26157,"Tuscola County, MI",047,"Detroit-Warren-Flint, MI"
"MI - Detroit",26161,"Washtenaw County, MI",047,"Detroit-Warren-Flint, MI"
"MI - Detroit",26163,"Wayne County, MI",047,"Detroit-Warren-Flint, MI"
"MN - Minneapolis",27001,"Aitkin County, MN",109,"Minneapolis-St. Paul-St. Cloud, MN-WI"
"MN - Minneapolis",27003,"Anoka County, MN",109,"Minneapolis-St. Paul-St. Cloud, MN-WI"
"MN - Minneapolis",27005,"Becker County, MN",109,"Minneapolis-St. Paul-St. Cloud, MN-WI"
"MN - Minneapolis",27007,"Beltrami County, MN",109,"Minneapolis-St. Paul-St. Cloud, MN-WI"
"MN - Minneapolis",27009,"Benton County, MN",109,"Minneapolis-St. Paul-St. Cloud, MN-WI"
"MN - Minneapolis",27011,"Big Stone County, MN",109,"Minneapolis-St. Paul-St. Cloud, MN-WI"
"MN - Minneapolis",27013,"Blue Earth County, MN",109,"Minneapolis-St. Paul-St. Cloud, MN-WI"
"MN - Minneapolis",27015,"Brown County, MN",109,"Minneapolis-St. Paul-St. Cloud, MN-WI"
"MN - Minneapolis",27019,"Carver County, MN",109,"Minneapolis-St. Paul-St. Cloud, MN-WI"
"MN - Minneapolis",27021,"Cass County, MN",109,"Minneapolis-St. Paul-St. Cloud, MN-WI"
"MN - Minneapolis",27023,"Chippewa County, MN",109,"Minneapolis-St. Paul-St. Cloud, MN-WI"
"MN - Minneapolis",27025,"Chisago County, MN",109,"Minneapolis-St. Paul-St. Cloud, MN-WI"
"MN - Minneapolis",27029,"Clearwater County, MN",109,"Minneapolis-St. Paul-St. Cloud, MN-WI"
"MN - Minneapolis",27033,"Cottonwood County, MN",109,"Minneapolis-St. Paul-St. Cloud, MN-WI"
"MN - Minneapolis",27035,"Crow Wing County, MN",109,"Minneapolis-St. Paul-St. Cloud, MN-WI"
"MN - Minneapolis",27037,"Dakota County, MN",109,"Minneapolis-St. Paul-St. Cloud, MN-WI"
"MN - Minneapolis",27039,"Dodge County, MN",109,"Minneapolis-St. Paul-St. Cloud, MN-WI"
"MN - Minneapolis",27041,"Douglas County, MN",109,"Minneapolis-St. Paul-St. Cloud, MN-WI"
"MN - Minneapolis",27043,"Faribault County, MN",109,"Minneapolis-St. Paul-St. Cloud, MN-WI"
"MN - Minneapolis",27045,"Fillmore County, MN",109,"Minneapolis-St. Paul-St. Cloud, MN-WI"
"MN - Minneapolis",27047,"Freeborn County, MN",109,"Minneapolis-St. Paul-St. Cloud, MN-WI"
"MN - Minneapolis",27049,"Goodhue County, MN",109,"Minneapolis-St. Paul-St. Cloud, MN-WI"
"MN - Minneapolis",27051,"Grant County, MN",109,"Minneapolis-St. Paul-St. Cloud, MN-WI"
"MN - Minneapolis",27053,"Hennepin County, MN",109,"Minneapolis-St. Paul-St. Cloud, MN-WI"
"MN - Minneapolis",27057,"Hubbard County, MN",109,"Minneapolis-St. Paul-St. Cloud, MN-WI"
"MN - Minneapolis",27059,"Isanti County, MN",109,"Minneapolis-St. Paul-St. Cloud, MN-WI"
"MN - Minneapolis",27063,"Jackson County, MN",109,"Minneapolis-St. Paul-St. Cloud, MN-WI"
"MN - Minneapolis",27065,"Kanabec County, MN",109,"Minneapolis-St. Paul-St. Cloud, MN-WI"
"MN - Minneapolis",27067,"Kandiyohi County, MN",109,"Minneapolis-St. Paul-St. Cloud, MN-WI"
"MN - Minneapolis",27073,"Lac qui Parle County, MN",109,"Minneapolis-St. Paul-St. Cloud, MN-WI"
"MN - Minneapolis",27079,"Le Sueur County, MN",109,"Minneapolis-St. Paul-St. Cloud, MN-WI"
"MN - Minneapolis",27081,"Lincoln County, MN",109,"Minneapolis-St. Paul-St. Cloud, MN-WI"
"MN - Minneapolis",27083,"Lyon County, MN",109,"Minneapolis-St. Paul-St. Cloud, MN-WI"
"MN - Minneapolis",27085,"McLeod County, MN",109,"Minneapolis-St. Paul-St. Cloud, MN-WI"
"MN - Minneapolis",27087,"Mahnomen County, MN",109,"Minneapolis-St. Paul-St. Cloud, MN-WI"
"MN - Minneapolis",27091,"Martin County, MN",109,"Minneapolis-St. Paul-St. Cloud, MN-WI"
"MN - Minneapolis",27093,"Meeker County, MN",109,"Minneapolis-St. Paul-St. Cloud, MN-WI"
"MN - Minneapolis",27095,"Mille Lacs County, MN",109,"Minneapolis-St. Paul-St. Cloud, MN-WI"
"MN - Minneapolis",27097,"Morrison County, MN",109,"Minneapolis-St. Paul-St. Cloud, MN-WI"
"MN - Minneapolis",27099,"Mower County, MN",109,"Minneapolis-St. Paul-St. Cloud, MN-WI"
"MN - Minneapolis",27101,"Murray County, MN",109,"Minneapolis-St. Paul-St. Cloud, MN-WI"
"MN - Minneapolis",27103,"Nicollet County, MN",109,"Minneapolis-St. Paul-St. Cloud, MN-WI"
"MN - Minneapolis",27109,"Olmsted County, MN",109,"Minneapolis-St. Paul-St. Cloud, MN-WI"
"MN - Minneapolis",27111,"Otter Tail County, MN",109,"Minneapolis-St. Paul-St. Cloud, MN-WI"
"MN - Minneapolis",27115,"Pine County, MN",109,"Minneapolis-St. Paul-St. Cloud, MN-WI"
"MN - Minneapolis",27121,"Pope County, MN",109,"Minneapolis-St. Paul-St. Cloud, MN-WI"
"MN - Minneapolis",27123,"Ramsey County, MN",109,"Minneapolis-St. Paul-St. Cloud, MN-WI"
"MN - Minneapolis",27127,"Redwood County, MN",109,"Minneapolis-St. Paul-St. Cloud, MN-WI"
"MN - Minneapolis",27129,"Renville County, MN",109,"Minneapolis-St. Paul-St. Cloud, MN-WI"
"MN - Minneapolis",27131,"Rice County, MN",109,"Minneapolis-St. Paul-St. Cloud, MN-WI"
"MN - Minneapolis",27139,"Scott County, MN",109,"Minneapolis-St. Paul-St. Cloud, MN-WI"
"MN - Minneapolis",27141,"Sherburne County, MN",109,"Minneapolis-St. Paul-St. Cloud, MN-WI"
"MN - Minneapolis",27143,"Sibley County, MN",109,"Minneapolis-St. Paul-St. Cloud, MN-WI"
"MN - Minneapolis",27145,"Stearns County, MN",109,"Minneapolis-St. Paul-St. Cloud, MN-WI"
"MN - Minneapolis",27147,"Steele County, MN",109,"Minneapolis-St. Paul-St. Cloud, MN-WI"
"MN - Minneapolis",27149,"Stevens County, MN",109,"Minneapolis-St. Paul-St. Cloud, MN-WI"
"MN - Minneapolis",27151,"Swift County, MN",109,"Minneapolis-St. Paul-St. Cloud, MN-WI"
"MN - Minneapolis",27153,"Todd County, MN",109,"Minneapolis-St. Paul-St. Cloud, MN-WI"
"MN - Minneapolis",27155,"Traverse County, MN",109,"Minneapolis-St. Paul-St. Cloud, MN-WI"
"MN - Minneapolis",27157,"Wabasha County, MN",109,"Minneapolis-St. Paul-St. Cloud, MN-WI"
"MN - Minneapolis",27159,"Wadena County, MN",109,"Minneapolis-St. Paul-St. Cloud, MN-WI"
"MN - Minneapolis",27161,"Waseca County, MN",109,"Minneapolis-St. Paul-St. Cloud, MN-WI"
"MN - Minneapolis",27163,"Washington County, MN",109,"Minneapolis-St. Paul-St. Cloud, MN-WI"
"MN - Minneapolis",27165,"Watonwan County, MN",109,"Minneapolis-St. Paul-St. Cloud, MN-WI"
"MN - Minneapolis",27169,"Winona County, MN",109,"Minneapolis-St. Paul-St. Cloud, MN-WI"
"MN - Minneapolis",27171,"Wright County, MN",109,"Minneapolis-St. Paul-St. Cloud, MN-WI"
"MN - Minneapolis",27173,"Yellow Medicine County, MN",109,"Minneapolis-St. Paul-St. Cloud, MN-WI"
"MN - Minneapolis",46051,"Grant County, SD",109,"Minneapolis-St. Paul-St. Cloud, MN-WI"
"MN - Minneapolis",46091,"Marshall County, SD",109,"Minneapolis-St. Paul-St. Cloud, MN-WI"
"MN - Minneapolis",46109,"Roberts County, SD",109,"Minneapolis-St. Paul-St. Cloud, MN-WI"
"MN - Minneapolis",55005,"Barron County, WI",109,"Minneapolis-St. Paul-St. Cloud, MN-WI"
"MN - Minneapolis",55011,"Buffalo County, WI",109,"Minneapolis-St. Paul-St. Cloud, MN-WI"
"MN - Minneapolis",55013,"Burnett County, WI",109,"Minneapolis-St. Paul-St. Cloud, MN-WI"
"MN - Minneapolis",55017,"Chippewa County, WI",109,"Minneapolis-St. Paul-St. Cloud, MN-WI"
"MN - Minneapolis",55033,"Dunn County, WI",109,"Minneapolis-St. Paul-St. Cloud, MN-WI"
"MN - Minneapolis",55035,"Eau Claire County, WI",109,"Minneapolis-St. Paul-St. Cloud, MN-WI"
"MN - Minneapolis",55091,"Pepin County, WI",109,"Minneapolis-St. Paul-St. Cloud, MN-WI"
"MN - Minneapolis",55093,"Pierce County, WI",109,"Minneapolis-St. Paul-St. Cloud, MN-WI"
"MN - Minneapolis",55095,"Polk County, WI",109,"Minneapolis-St. Paul-St. Cloud, MN-WI"
"MN - Minneapolis",55107,"Rusk County, WI",109,"Minneapolis-St. Paul-St. Cloud, MN-WI"
"MN - Minneapolis",55109,"St. Croix County, WI",109,"Minneapolis-St. Paul-St. Cloud, MN-WI"
"MN - Minneapolis",55113,"Sawyer County, WI",109,"Minneapolis-St. Paul-St. Cloud, MN-WI"
"MN - Minneapolis",55129,"Washburn County, WI",109,"Minneapolis-St. Paul-St. Cloud, MN-WI"
"MO - Kansas City",20003,"Anderson County, KS",084,"Kansas City-Overland Park-Kansas City, MO-KS"
"MO - Kansas City",20005,"Atchison County, KS",084,"Kansas City-Overland Park-Kansas City, MO-KS"
"MO - Kansas City",20043,"Doniphan County, KS",084,"Kansas City-Overland Park-Kansas City, MO-KS"
"MO - Kansas City",20045,"Douglas County, KS",084,"Kansas City-Overland Park-Kansas City, MO-KS"
"MO - Kansas City",20059,"Franklin County, KS",084,"Kansas City-Overland Park-Kansas City, MO-KS"
"MO - Kansas City",20091,"Johnson County, KS",084,"Kansas City-Overland Park-Kansas City, MO-KS"
"MO - Kansas City",20103,"Leavenworth County, KS",084,"Kansas City-Overland Park-Kansas City, MO-KS"
"MO - Kansas City",20107,"Linn County, KS",084,"Kansas City-Overland Park-Kansas City, MO-KS"
"MO - Kansas City",20121,"Miami County, KS",084,"Kansas City-Overland Park-Kansas City, MO-KS"
"MO - Kansas City",20209,"Wyandotte County, KS",084,"Kansas City-Overland Park-Kansas City, MO-KS"
"MO - Kansas City",29001,"Adair County, MO",084,"Kansas City-Overland Park-Kansas City, MO-KS"
"MO - Kansas City",29003,"Andrew County, MO",084,"Kansas City-Overland Park-Kansas City, MO-KS"
"MO - Kansas City",29013,"Bates County, MO",084,"Kansas City-Overland Park-Kansas City, MO-KS"
"MO - Kansas City",29015,"Benton County, MO",084,"Kansas City-Overland Park-Kansas City, MO-KS"
"MO - Kansas City",29021,"Buchanan County, MO",084,"Kansas City-Overland Park-Kansas City, MO-KS"
"MO - Kansas City",29025,"Caldwell County, MO",084,"Kansas City-Overland Park-Kansas City, MO-KS"
"MO - Kansas City",29033,"Carroll County, MO",084,"Kansas City-Overland Park-Kansas City, MO-KS"
"MO - Kansas City",29037,"Cass County, MO",084,"Kansas City-Overland Park-Kansas City, MO-KS"
"MO - Kansas City",29041,"Chariton County, MO",084,"Kansas City-Overland Park-Kansas City, MO-KS"
"MO - Kansas City",29047,"Clay County, MO",084,"Kansas City-Overland Park-Kansas City, MO-KS"
"MO - Kansas City",29049,"Clinton County, MO",084,"Kansas City-Overland Park-Kansas City, MO-KS"
"MO - Kansas City",29061,"Daviess County, MO",084,"Kansas City-Overland Park-Kansas City, MO-KS"
"MO - Kansas City",29063,"DeKalb County, MO",084,"Kansas City-Overland Park-Kansas City, MO-KS"
"MO - Kansas City",29075,"Gentry County, MO",084,"Kansas City-Overland Park-Kansas City, MO-KS"
"MO - Kansas City",29079,"Grundy County, MO",084,"Kansas City-Overland Park-Kansas City, MO-KS"
"MO - Kansas City",29081,"Harrison County, MO",084,"Kansas City-Overland Park-Kansas City, MO-KS"
"MO - Kansas City",29083,"Henry County, MO",084,"Kansas City-Overland Park-Kansas City, MO-KS"
"MO - Kansas City",29087,"Holt County, MO",084,"Kansas City-Overland Park-Kansas City, MO-KS"
"MO - Kansas City",29095,"Jackson County, MO",084,"Kansas City-Overland Park-Kansas City, MO-KS"
"MO - Kansas City",29101,"Johnson County, MO",084,"Kansas City-Overland Park-Kansas City, MO-KS"
"MO - Kansas City",29103,"Knox County, MO",084,"Kansas City-Overland Park-Kansas City, MO-KS"
"MO - Kansas City",29107,"Lafayette County, MO",084,"Kansas City-Overland Park-Kansas City, MO-KS"
"MO - Kansas City",29115,"Linn County, MO",084,"Kansas City-Overland Park-Kansas City, MO-KS"
"MO - Kansas City",29117,"Livingston County, MO",084,"Kansas City-Overland Park-Kansas City, MO-KS"
"MO - Kansas City",29121,"Macon County, MO",084,"Kansas City-Overland Park-Kansas City, MO-KS"
"MO - Kansas City",29129,"Mercer County, MO",084,"Kansas City-Overland Park-Kansas City, MO-KS"
"MO - Kansas City",29147,"Nodaway County, MO",084,"Kansas City-Overland Park-Kansas City, MO-KS"
"MO - Kansas City",29159,"Pettis County, MO",084,"Kansas City-Overland Park-Kansas City, MO-KS"
"MO - Kansas City",29165,"Platte County, MO",084,"Kansas City-Overland Park-Kansas City, MO-KS"
"MO - Kansas City",29171,"Putnam County, MO",084,"Kansas City-Overland Park-Kansas City, MO-KS"
"MO - Kansas City",29177,"Ray County, MO",084,"Kansas City-Overland Park-Kansas City, MO-KS"
"MO - Kansas City",29185,"St. Clair County, MO",084,"Kansas City-Overland Park-Kansas City, MO-KS"
"MO - Kansas City",29195,"Saline County, MO",084,"Kansas City-Overland Park-Kansas City, MO-KS"
"MO - Kansas City",29197,"Schuyler County, MO",084,"Kansas City-Overland Park-Kansas City, MO-KS"
"MO - Kansas City",29211,"Sullivan County, MO",084,"Kansas City-Overland Park-Kansas City, MO-KS"
"MO - Kansas City",29227,"Worth County, MO",084,"Kansas City-Overland Park-Kansas City, MO-KS"
"MO - StLouis",17005,"Bond County, IL",160,"St. Louis-St. Charles-Farmington, MO-IL"
"MO - StLouis",17013,"Calhoun County, IL",160,"St. Louis-St. Charles-Farmington, MO-IL"
"MO - StLouis",17027,"Clinton County, IL",160,"St. Louis-St. Charles-Farmington, MO-IL"
"MO - StLouis",17055,"Franklin County, IL",160,"St. Louis-St. Charles-Farmington, MO-IL"
"MO - StLouis",17065,"Hamilton County, IL",160,"St. Louis-St. Charles-Farmington, MO-IL"
"MO - StLouis",17069,"Hardin County, IL",160,"St. Louis-St. Charles-Farmington, MO-IL"
"MO - StLouis",17077,"Jackson County, IL",160,"St. Louis-St. Charles-Farmington, MO-IL"
"MO - StLouis",17081,"Jefferson County, IL",160,"St. Louis-St. Charles-Farmington, MO-IL"
"MO - StLouis",17083,"Jersey County, IL",160,"St. Louis-St. Charles-Farmington, MO-IL"
"MO - StLouis",17087,"Johnson County, IL",160,"St. Louis-St. Charles-Farmington, MO-IL"
"MO - StLouis",17117,"Macoupin County, IL",160,"St. Louis-St. Charles-Farmington, MO-IL"
"MO - StLouis",17119,"Madison County, IL",160,"St. Louis-St. Charles-Farmington, MO-IL"
"MO - StLouis",17121,"Marion County, IL",160,"St. Louis-St. Charles-Farmington, MO-IL"
"MO - StLouis",17133,"Monroe County, IL",160,"St. Louis-St. Charles-Farmington, MO-IL"
"MO - StLouis",17145,"Perry County, IL",160,"St. Louis-St. Charles-Farmington, MO-IL"
"MO - StLouis",17157,"Randolph County, IL",160,"St. Louis-St. Charles-Farmington, MO-IL"
"MO - StLouis",17163,"St. Clair County, IL",160,"St. Louis-St. Charles-Farmington, MO-IL"
"MO - StLouis",17165,"Saline County, IL",160,"St. Louis-St. Charles-Farmington, MO-IL"
"MO - StLouis",17181,"Union County, IL",160,"St. Louis-St. Charles-Farmington, MO-IL"
"MO - StLouis",17189,"Washington County, IL",160,"St. Louis-St. Charles-Farmington, MO-IL"
"MO - StLouis",17199,"Williamson County, IL",160,"St. Louis-St. Charles-Farmington, MO-IL"
"MO - StLouis",29055,"Crawford County, MO",160,"St. Louis-St. Charles-Farmington, MO-IL"
"MO - StLouis",29071,"Franklin County, MO",160,"St. Louis-St. Charles-Farmington, MO-IL"
"MO - StLouis",29073,"Gasconade County, MO",160,"St. Louis-St. Charles-Farmington, MO-IL"
"MO - StLouis",29093,"Iron County, MO",160,"St. Louis-St. Charles-Farmington, MO-IL"
"MO - StLouis",29099,"Jefferson County, MO",160,"St. Louis-St. Charles-Farmington, MO-IL"
"MO - StLouis",29113,"Lincoln County, MO",160,"St. Louis-St. Charles-Farmington, MO-IL"
"MO - StLouis",29123,"Madison County, MO",160,"St. Louis-St. Charles-Farmington, MO-IL"
"MO - StLouis",29139,"Montgomery County, MO",160,"St. Louis-St. Charles-Farmington, MO-IL"
"MO - StLouis",29163,"Pike County, MO",160,"St. Louis-St. Charles-Farmington, MO-IL"
"MO - StLouis",29179,"Reynolds County, MO",160,"St. Louis-St. Charles-Farmington, MO-IL"
"MO - StLouis",29183,"St. Charles County, MO",160,"St. Louis-St. Charles-Farmington, MO-IL"
"MO - StLouis",29186,"Ste. Genevieve County, MO",160,"St. Louis-St. Charles-Farmington, MO-IL"
"MO - StLouis",29187,"St. Francois County, MO",160,"St. Louis-St. Charles-Farmington, MO-IL"
"MO - StLouis",29189,"St. Louis County, MO",160,"St. Louis-St. Charles-Farmington, MO-IL"
"MO - StLouis",29219,"Warren County, MO",160,"St. Louis-St. Charles-Farmington, MO-IL"
"MO - StLouis",29221,"Washington County, MO",160,"St. Louis-St. Charles-Farmington, MO-IL"
"MO - StLouis",29510,"St. Louis city, MO",160,"St. Louis-St. Charles-Farmington, MO-IL"
"OH - Cleveland+Toledo",39005,"Ashland County, OH",035,"Cleveland-Akron-Elyria, OH"
"OH - Cleveland+Toledo",39007,"Ashtabula County, OH",035,"Cleveland-Akron-Elyria, OH"
"OH - Cleveland+Toledo",39019,"Carroll County, OH",035,"Cleveland-Akron-Elyria, OH"
"OH - Cleveland+Toledo",39029,"Columbiana County, OH",035,"Cleveland-Akron-Elyria, OH"
"OH - Cleveland+Toledo",39033,"Crawford County, OH",035,"Cleveland-Akron-Elyria, OH"
"OH - Cleveland+Toledo",39035,"Cuyahoga County, OH",035,"Cleveland-Akron-Elyria, OH"
"OH - Cleveland+Toledo",39043,"Erie County, OH",035,"Cleveland-Akron-Elyria, OH"
"OH - Cleveland+Toledo",39055,"Geauga County, OH",035,"Cleveland-Akron-Elyria, OH"
"OH - Cleveland+Toledo",39067,"Harrison County, OH",035,"Cleveland-Akron-Elyria, OH"
"OH - Cleveland+Toledo",39075,"Holmes County, OH",035,"Cleveland-Akron-Elyria, OH"
"OH - Cleveland+Toledo",39077,"Huron County, OH",035,"Cleveland-Akron-Elyria, OH"
"OH - Cleveland+Toledo",39085,"Lake County, OH",035,"Cleveland-Akron-Elyria, OH"
"OH - Cleveland+Toledo",39093,"Lorain County, OH",035,"Cleveland-Akron-Elyria, OH"
"OH - Cleveland+Toledo",39099,"Mahoning County, OH",035,"Cleveland-Akron-Elyria, OH"
"OH - Cleveland+Toledo",39103,"Medina County, OH",035,"Cleveland-Akron-Elyria, OH"
"OH - Cleveland+Toledo",39133,"Portage County, OH",035,"Cleveland-Akron-Elyria, OH"
"OH - Cleveland+Toledo",39139,"Richland County, OH",035,"Cleveland-Akron-Elyria, OH"
"OH - Cleveland+Toledo",39151,"Stark County, OH",035,"Cleveland-Akron-Elyria, OH"
"OH - Cleveland+Toledo",39153,"Summit County, OH",035,"Cleveland-Akron-Elyria, OH"
"OH - Cleveland+Toledo",39155,"Trumbull County, OH",035,"Cleveland-Akron-Elyria, OH"
"OH - Cleveland+Toledo",39157,"Tuscarawas County, OH",035,"Cleveland-Akron-Elyria, OH"
"OH - Cleveland+Toledo",39169,"Wayne County, OH",035,"Cleveland-Akron-Elyria, OH"
"OH - Cleveland+Toledo",42085,"Mercer County, PA",035,"Cleveland-Akron-Elyria, OH"
"OH - Cleveland+Toledo",39039,"Defiance County, OH",166,"Toledo-Fremont, OH"
"OH - Cleveland+Toledo",39051,"Fulton County, OH",166,"Toledo-Fremont, OH"
"OH - Cleveland+Toledo",39063,"Hancock County, OH",166,"Toledo-Fremont, OH"
"OH - Cleveland+Toledo",39069,"Henry County, OH",166,"Toledo-Fremont, OH"
"OH - Cleveland+Toledo",39095,"Lucas County, OH",166,"Toledo-Fremont, OH"
"OH - Cleveland+Toledo",39123,"Ottawa County, OH",166,"Toledo-Fremont, OH"
"OH - Cleveland+Toledo",39125,"Paulding County, OH",166,"Toledo-Fremont, OH"
"OH - Cleveland+Toledo",39143,"Sandusky County, OH",166,"Toledo-Fremont, OH"
"OH - Cleveland+Toledo",39147,"Seneca County, OH",166,"Toledo-Fremont, OH"
"OH - Cleveland+Toledo",39171,"Williams County, OH",166,"Toledo-Fremont, OH"
"OH - Cleveland+Toledo",39173,"Wood County, OH",166,"Toledo-Fremont, OH"
"OH - Cleveland+Toledo",39175,"Wyandot County, OH",166,"Toledo-Fremont, OH"
"OH - Columbus+Cin+Dayton",39003,"Allen County, OH",044,"Dayton-Springfield-Greenville, OH"
"OH - Columbus+Cin+Dayton",39011,"Auglaize County, OH",044,"Dayton-Springfield-Greenville, OH"
"OH - Columbus+Cin+Dayton",39021,"Champaign County, OH",044,"Dayton-Springfield-Greenville, OH"
"OH - Columbus+Cin+Dayton",39023,"Clark County, OH",044,"Dayton-Springfield-Greenville, OH"
"OH - Columbus+Cin+Dayton",39037,"Darke County, OH",044,"Dayton-Springfield-Greenville, OH"
"OH - Columbus+Cin+Dayton",39057,"Greene County, OH",044,"Dayton-Springfield-Greenville, OH"
"OH - Columbus+Cin+Dayton",39107,"Mercer County, OH",044,"Dayton-Springfield-Greenville, OH"
"OH - Columbus+Cin+Dayton",39109,"Miami County, OH",044,"Dayton-Springfield-Greenville, OH"
"OH - Columbus+Cin+Dayton",39113,"Montgomery County, OH",044,"Dayton-Springfield-Greenville, OH"
"OH - Columbus+Cin+Dayton",39135,"Preble County, OH",044,"Dayton-Springfield-Greenville, OH"
"OH - Columbus+Cin+Dayton",39137,"Putnam County, OH",044,"Dayton-Springfield-Greenville, OH"
"OH - Columbus+Cin+Dayton",39149,"Shelby County, OH",044,"Dayton-Springfield-Greenville, OH"
"OH - Columbus+Cin+Dayton",39161,"Van Wert County, OH",044,"Dayton-Springfield-Greenville, OH"
"OH - Columbus+Cin+Dayton",39009,"Athens County, OH",040,"Columbus-Marion-Chillicothe, OH"
"OH - Columbus+Cin+Dayton",39031,"Coshocton County, OH",040,"Columbus-Marion-Chillicothe, OH"
"OH - Columbus+Cin+Dayton",39041,"Delaware County, OH",040,"Columbus-Marion-Chillicothe, OH"
"OH - Columbus+Cin+Dayton",39045,"Fairfield County, OH",040,"Columbus-Marion-Chillicothe, OH"
"OH - Columbus+Cin+Dayton",39047,"Fayette County, OH",040,"Columbus-Marion-Chillicothe, OH"
"OH - Columbus+Cin+Dayton",39049,"Franklin County, OH",040,"Columbus-Marion-Chillicothe, OH"
"OH - Columbus+Cin+Dayton",39053,"Gallia County, OH",040,"Columbus-Marion-Chillicothe, OH"
"OH - Columbus+Cin+Dayton",39059,"Guernsey County, OH",040,"Columbus-Marion-Chillicothe, OH"
"OH - Columbus+Cin+Dayton",39065,"Hardin County, OH",040,"Columbus-Marion-Chillicothe, OH"
"OH - Columbus+Cin+Dayton",39073,"Hocking County, OH",040,"Columbus-Marion-Chillicothe, OH"
"OH - Columbus+Cin+Dayton",39079,"Jackson County, OH",040,"Columbus-Marion-Chillicothe, OH"
"OH - Columbus+Cin+Dayton",39083,"Knox County, OH",040,"Columbus-Marion-Chillicothe, OH"
"OH - Columbus+Cin+Dayton",39089,"Licking County, OH",040,"Columbus-Marion-Chillicothe, OH"
"OH - Columbus+Cin+Dayton",39091,"Logan County, OH",040,"Columbus-Marion-Chillicothe, OH"
"OH - Columbus+Cin+Dayton",39097,"Madison County, OH",040,"Columbus-Marion-Chillicothe, OH"
"OH - Columbus+Cin+Dayton",39101,"Marion County, OH",040,"Columbus-Marion-Chillicothe, OH"
"OH - Columbus+Cin+Dayton",39105,"Meigs County, OH",040,"Columbus-Marion-Chillicothe, OH"
"OH - Columbus+Cin+Dayton",39115,"Morgan County, OH",040,"Columbus-Marion-Chillicothe, OH"
"OH - Columbus+Cin+Dayton",39117,"Morrow County, OH",040,"Columbus-Marion-Chillicothe, OH"
"OH - Columbus+Cin+Dayton",39119,"Muskingum County, OH",040,"Columbus-Marion-Chillicothe, OH"
"OH - Columbus+Cin+Dayton",39121,"Noble County, OH",040,"Columbus-Marion-Chillicothe, OH"
"OH - Columbus+Cin+Dayton",39127,"Perry County, OH",040,"Columbus-Marion-Chillicothe, OH"
"OH - Columbus+Cin+Dayton",39129,"Pickaway County, OH",040,"Columbus-Marion-Chillicothe, OH"
"OH - Columbus+Cin+Dayton",39131,"Pike County, OH",040,"Columbus-Marion-Chillicothe, OH"
"OH - Columbus+Cin+Dayton",39141,"Ross County, OH",040,"Columbus-Marion-Chillicothe, OH"
"OH - Columbus+Cin+Dayton",39145,"Scioto County, OH",040,"Columbus-Marion-Chillicothe, OH"
"OH - Columbus+Cin+Dayton",39159,"Union County, OH",040,"Columbus-Marion-Chillicothe, OH"
"OH - Columbus+Cin+Dayton",39163,"Vinton County, OH",040,"Columbus-Marion-Chillicothe, OH"
"OH - Columbus+Cin+Dayton",54053,"Mason County, WV",040,"Columbus-Marion-Chillicothe, OH"
"OH - Columbus+Cin+Dayton",18029,"Dearborn County, IN",033,"Cincinnati-Middletown-Wilmington, OH-KY-IN"
"OH - Columbus+Cin+Dayton",18047,"Franklin County, IN",033,"Cincinnati-Middletown-Wilmington, OH-KY-IN"
"OH - Columbus+Cin+Dayton",18115,"Ohio County, IN",033,"Cincinnati-Middletown-Wilmington, OH-KY-IN"
"OH - Columbus+Cin+Dayton",18137,"Ripley County, IN",033,"Cincinnati-Middletown-Wilmington, OH-KY-IN"
"OH - Columbus+Cin+Dayton",18155,"Switzerland County, IN",033,"Cincinnati-Middletown-Wilmington, OH-KY-IN"
"OH - Columbus+Cin+Dayton",21015,"Boone County, KY",033,"Cincinnati-Middletown-Wilmington, OH-KY-IN"
"OH - Columbus+Cin+Dayton",21023,"Bracken County, KY",033,"Cincinnati-Middletown-Wilmington, OH-KY-IN"
"OH - Columbus+Cin+Dayton",21037,"Campbell County, KY",033,"Cincinnati-Middletown-Wilmington, OH-KY-IN"
"OH - Columbus+Cin+Dayton",21069,"Fleming County, KY",033,"Cincinnati-Middletown-Wilmington, OH-KY-IN"
"OH - Columbus+Cin+Dayton",21077,"Gallatin County, KY",033,"Cincinnati-Middletown-Wilmington, OH-KY-IN"
"OH - Columbus+Cin+Dayton",21081,"Grant County, KY",033,"Cincinnati-Middletown-Wilmington, OH-KY-IN"
"OH - Columbus+Cin+Dayton",21117,"Kenton County, KY",033,"Cincinnati-Middletown-Wilmington, OH-KY-IN"
"OH - Columbus+Cin+Dayton",21135,"Lewis County, KY",033,"Cincinnati-Middletown-Wilmington, OH-KY-IN"
"OH - Columbus+Cin+Dayton",21161,"Mason County, KY",033,"Cincinnati-Middletown-Wilmington, OH-KY-IN"
"OH - Columbus+Cin+Dayton",21187,"Owen County, KY",033,"Cincinnati-Middletown-Wilmington, OH-KY-IN"
"OH - Columbus+Cin+Dayton",21191,"Pendleton County, KY",033,"Cincinnati-Middletown-Wilmington, OH-KY-IN"
"OH - Columbus+Cin+Dayton",39001,"Adams County, OH",033,"Cincinnati-Middletown-Wilmington, OH-KY-IN"
"OH - Columbus+Cin+Dayton",39015,"Brown County, OH",033,"Cincinnati-Middletown-Wilmington, OH-KY-IN"
"OH - Columbus+Cin+Dayton",39017,"Butler County, OH",033,"Cincinnati-Middletown-Wilmington, OH-KY-IN"
"OH - Columbus+Cin+Dayton",39025,"Clermont County, OH",033,"Cincinnati-Middletown-Wilmington, OH-KY-IN"
"OH - Columbus+Cin+Dayton",39027,"Clinton County, OH",033,"Cincinnati-Middletown-Wilmington, OH-KY-IN"
"OH - Columbus+Cin+Dayton",39061,"Hamilton County, OH",033,"Cincinnati-Middletown-Wilmington, OH-KY-IN"
"OH - Columbus+Cin+Dayton",39071,"Highland County, OH",033,"Cincinnati-Middletown-Wilmington, OH-KY-IN"
"OH - Columbus+Cin+Dayton",39165,"Warren County, OH",033,"Cincinnati-Middletown-Wilmington, OH-KY-IN"
"WI - Milwaukee+Madison",55027,"Dodge County, WI",108,"Milwaukee-Racine-Waukesha, WI"
"WI - Milwaukee+Madison",55039,"Fond du Lac County, WI",108,"Milwaukee-Racine-Waukesha, WI"
"WI - Milwaukee+Madison",55047,"Green Lake County, WI",108,"Milwaukee-Racine-Waukesha, WI"
"WI - Milwaukee+Madison",55055,"Jefferson County, WI",108,"Milwaukee-Racine-Waukesha, WI"
"WI - Milwaukee+Madison",55071,"Manitowoc County, WI",108,"Milwaukee-Racine-Waukesha, WI"
"WI - Milwaukee+Madison",55079,"Milwaukee County, WI",108,"Milwaukee-Racine-Waukesha, WI"
"WI - Milwaukee+Madison",55089,"Ozaukee County, WI",108,"Milwaukee-Racine-Waukesha, WI"
"WI - Milwaukee+Madison",55101,"Racine County, WI",108,"Milwaukee-Racine-Waukesha, WI"
"WI - Milwaukee+Madison",55117,"Sheboygan County, WI",108,"Milwaukee-Racine-Waukesha, WI"
"WI - Milwaukee+Madison",55127,"Walworth County, WI",108,"Milwaukee-Racine-Waukesha, WI"
"WI - Milwaukee+Madison",55131,"Washington County, WI",108,"Milwaukee-Racine-Waukesha, WI"
"WI - Milwaukee+Madison",55133,"Waukesha County, WI",108,"Milwaukee-Racine-Waukesha, WI"
"WI - Milwaukee+Madison",17085,"Jo Daviess County, IL",101,"Madison-Baraboo, WI"
"WI - Milwaukee+Madison",19005,"Allamakee County, IA",101,"Madison-Baraboo, WI"
"WI - Milwaukee+Madison",19043,"Clayton County, IA",101,"Madison-Baraboo, WI"
"WI - Milwaukee+Madison",19055,"Delaware County, IA",101,"Madison-Baraboo, WI"
"WI - Milwaukee+Madison",19061,"Dubuque County, IA",101,"Madison-Baraboo, WI"
"WI - Milwaukee+Madison",19097,"Jackson County, IA",101,"Madison-Baraboo, WI"
"WI - Milwaukee+Madison",55001,"Adams County, WI",101,"Madison-Baraboo, WI"
"WI - Milwaukee+Madison",55021,"Columbia County, WI",101,"Madison-Baraboo, WI"
"WI - Milwaukee+Madison",55023,"Crawford County, WI",101,"Madison-Baraboo, WI"
"WI - Milwaukee+Madison",55025,"Dane County, WI",101,"Madison-Baraboo, WI"
"WI - Milwaukee+Madison",55043,"Grant County, WI",101,"Madison-Baraboo, WI"
"WI - Milwaukee+Madison",55045,"Green County, WI",101,"Madison-Baraboo, WI"
"WI - Milwaukee+Madison",55049,"Iowa County, WI",101,"Madison-Baraboo, WI"
"WI - Milwaukee+Madison",55057,"Juneau County, WI",101,"Madison-Baraboo, WI"
"WI - Milwaukee+Madison",55065,"Lafayette County, WI",101,"Madison-Baraboo, WI"
"WI - Milwaukee+Madison",55077,"Marquette County, WI",101,"Madison-Baraboo, WI"
"WI - Milwaukee+Madison",55103,"Richland County, WI",101,"Madison-Baraboo, WI"
"WI - Milwaukee+Madison",55105,"Rock County, WI",101,"Madison-Baraboo, WI"
"WI - Milwaukee+Madison",55111,"Sauk County, WI",101,"Madison-Baraboo, WI"
